{
  "config": {
    "tested": "/home/matze/dev/pycomparse/build-pgo-lto/pycomparse",
    "baseline": [
      "/home/matze/dev/pycomparse/.venv/bin/python3"
    ],
    "warmup": 1,
    "repeats": 10,
    "work_dir": "/tmp/perf-vwEtQ5cRW/workdir",
    "runner": "hyperfine",
    "hyperfine_path": "/nix/store/diw5c4p6hxa8svnbpd8xd6hipaidsksk-hyperfine-1.20.0/bin/hyperfine"
  },
  "results": [
    {
      "file": "/tmp/perf-vwEtQ5cRW/synthetic_large/huge_many_functions_10mb.py",
      "size_bytes": 10485844,
      "cpython": {
        "min_ms": 1799.4400660600002,
        "median_ms": 1821.8123410600003,
        "mean_ms": 1832.52526906,
        "max_ms": 1912.15321706,
        "stddev_ms": 36.28528169643323,
        "samples_ms": [
          1825.9947410600003,
          1829.69870106,
          1912.15321706,
          1806.67193606,
          1803.92844506,
          1799.4400660600002,
          1810.9866730600002,
          1817.6299410600002,
          1891.51964606,
          1827.2293240600002
        ]
      },
      "pycomparse": {
        "error": "pycomparse exited with code -6"
      },
      "status": "failed"
    },
    {
      "file": "/tmp/perf-vwEtQ5cRW/synthetic_large/huge_many_functions_1mb.py",
      "size_bytes": 1048628,
      "cpython": {
        "min_ms": 190.97215434,
        "median_ms": 204.26973384000001,
        "mean_ms": 203.21875133999998,
        "max_ms": 212.64480434,
        "stddev_ms": 5.609216315447284,
        "samples_ms": [
          196.11593834,
          202.99331434,
          212.64480434,
          203.46476734,
          205.07470034,
          203.44762734000003,
          205.59472034,
          205.13587434,
          206.74361234000003,
          190.97215434
        ]
      },
      "pycomparse": {
        "min_ms": 30.859041780000005,
        "median_ms": 35.331042780000004,
        "mean_ms": 34.95510798000001,
        "max_ms": 39.053585780000006,
        "stddev_ms": 2.341609136225463,
        "samples_ms": [
          30.859041780000005,
          32.53995478,
          36.581177780000004,
          34.935190780000006,
          35.806174780000006,
          33.06053678000001,
          33.58535478000001,
          35.72689478,
          39.053585780000006,
          37.403167780000004
        ]
      },
      "status": "ok",
      "ratio_cpython_over_pycomparse": 5.781593685528915
    },
    {
      "file": "/tmp/perf-vwEtQ5cRW/synthetic_large/huge_many_functions_5mb.py",
      "size_bytes": 5242968,
      "cpython": {
        "min_ms": 902.8204917200001,
        "median_ms": 920.75181722,
        "mean_ms": 928.4562762200001,
        "max_ms": 966.19633772,
        "stddev_ms": 20.96919019904062,
        "samples_ms": [
          902.8204917200001,
          914.1865987200001,
          915.53860972,
          948.3985137200001,
          928.1096197200001,
          959.8165587200001,
          911.30536772,
          966.19633772,
          925.9650247200001,
          912.22563972
        ]
      },
      "pycomparse": {
        "min_ms": 139.03494092000003,
        "median_ms": 144.54725492000003,
        "mean_ms": 144.84005722,
        "max_ms": 149.63941192000001,
        "stddev_ms": 3.4424392611450396,
        "samples_ms": [
          141.20194792,
          142.47768592000003,
          142.66067492000002,
          139.03494092000003,
          143.63284292000003,
          148.67778992000004,
          149.63941192000001,
          145.46166692,
          146.38743792000002,
          149.22617292
        ]
      },
      "status": "ok",
      "ratio_cpython_over_pycomparse": 6.3699017856104705
    },
    {
      "file": "/tmp/perf-vwEtQ5cRW/synthetic_large/huge_statements_10mb.py",
      "size_bytes": 10485781,
      "cpython": {
        "min_ms": 2548.85848084,
        "median_ms": 2665.5470948399998,
        "mean_ms": 2668.6698673399997,
        "max_ms": 2851.10620184,
        "stddev_ms": 93.32490973273357,
        "samples_ms": [
          2548.85848084,
          2685.46163084,
          2760.86295784,
          2581.69141884,
          2562.42697184,
          2757.22052384,
          2607.97629784,
          2677.35470084,
          2851.10620184,
          2653.73948884
        ]
      },
      "pycomparse": {
        "min_ms": 221.85375102,
        "median_ms": 235.30487202,
        "mean_ms": 234.73279222000005,
        "max_ms": 244.69244802,
        "stddev_ms": 7.535191509077132,
        "samples_ms": [
          242.42271102,
          242.66072902000002,
          236.51716002,
          239.35936502,
          234.09258402000003,
          244.69244802,
          221.85375102,
          224.34452302000003,
          227.93789802000003,
          233.44675302000002
        ]
      },
      "status": "ok",
      "ratio_cpython_over_pycomparse": 11.328057391915959
    },
    {
      "file": "/tmp/perf-vwEtQ5cRW/synthetic_large/huge_statements_1mb.py",
      "size_bytes": 1048583,
      "cpython": {
        "min_ms": 271.04032342,
        "median_ms": 292.87486642000005,
        "mean_ms": 292.44367462,
        "max_ms": 308.81691542,
        "stddev_ms": 11.43305863044424,
        "samples_ms": [
          301.04651642000005,
          304.90622842000005,
          308.81691542,
          271.04032342,
          301.64605442000004,
          278.98714042,
          291.56631742,
          287.15871942000007,
          294.18341542,
          285.08511542
        ]
      },
      "pycomparse": {
        "min_ms": 24.536147,
        "median_ms": 30.9275745,
        "mean_ms": 30.320555199999998,
        "max_ms": 33.519677,
        "stddev_ms": 2.7007249050110897,
        "samples_ms": [
          24.536147,
          27.189671,
          29.562345000000004,
          30.459239,
          33.05153,
          28.954973000000003,
          31.641892,
          33.519677,
          32.894168,
          31.39591
        ]
      },
      "status": "ok",
      "ratio_cpython_over_pycomparse": 9.469700458404848
    },
    {
      "file": "/tmp/perf-vwEtQ5cRW/synthetic_large/huge_statements_5mb.py",
      "size_bytes": 5242927,
      "cpython": {
        "min_ms": 1320.6500766,
        "median_ms": 1346.0635361,
        "mean_ms": 1351.5257569,
        "max_ms": 1407.8111016,
        "stddev_ms": 23.41027957562264,
        "samples_ms": [
          1407.8111016,
          1320.6500766,
          1372.8135766,
          1350.7000256000001,
          1333.5923536,
          1341.3404526000002,
          1358.5870056000003,
          1333.6859716000001,
          1354.6499586,
          1341.4270466
        ]
      },
      "pycomparse": {
        "min_ms": 109.11381026000001,
        "median_ms": 120.96317826,
        "mean_ms": 119.53851126,
        "max_ms": 127.41971525999999,
        "stddev_ms": 4.9023105734851775,
        "samples_ms": [
          109.11381026000001,
          127.41971525999999,
          118.40268926000002,
          122.52519226000001,
          120.94913526000002,
          122.80970626,
          117.80584026,
          113.52326226000001,
          121.85854026,
          120.97722126000001
        ]
      },
      "status": "ok",
      "ratio_cpython_over_pycomparse": 11.12787837970619
    }
  ]
}
