{
  "config": {
    "tested": "/home/matze/dev/pycomparse/build-pgo-lto/pycomparse",
    "baseline": [
      "/home/matze/dev/pycomparse/.venv/bin/python3"
    ],
    "warmup": 1,
    "repeats": 10,
    "work_dir": "/tmp/perf-KVT6kuHA2/workdir",
    "runner": "hyperfine",
    "hyperfine_path": "/nix/store/rga5hqya62xp334aihk4mwjqmqyz6r5z-hyperfine-1.20.0/bin/hyperfine"
  },
  "results": [
    {
      "file": "/tmp/perf-KVT6kuHA2/synthetic_large/huge_many_functions_10mb.py",
      "size_bytes": 10485844,
      "cpython": {
        "min_ms": 1762.54977132,
        "median_ms": 1777.22301132,
        "mean_ms": 1777.4435913200002,
        "max_ms": 1793.5025933200002,
        "stddev_ms": 8.275985811379233,
        "samples_ms": [
          1779.80493732,
          1779.0407723199999,
          1767.7489093200002,
          1762.54977132,
          1774.15328432,
          1775.4052503200003,
          1784.50844432,
          1782.9948073199998,
          1774.72714332,
          1793.5025933200002
        ]
      },
      "pycomparse": {
        "min_ms": 277.22484934000005,
        "median_ms": 280.4098833400001,
        "mean_ms": 280.75083184,
        "max_ms": 284.89893134,
        "stddev_ms": 2.146792218990972,
        "samples_ms": [
          284.89893134,
          277.22484934000005,
          279.91215634,
          280.97696234,
          280.85353434000007,
          283.33888134,
          278.43576134000006,
          279.96623234000003,
          282.16086434000005,
          279.74014534
        ]
      },
      "status": "ok",
      "ratio_cpython_over_pycomparse": 6.337947115669591
    },
    {
      "file": "/tmp/perf-KVT6kuHA2/synthetic_large/huge_many_functions_1mb.py",
      "size_bytes": 1048628,
      "cpython": {
        "min_ms": 188.03620877999998,
        "median_ms": 193.28421228000002,
        "mean_ms": 193.73234588,
        "max_ms": 201.20355478000002,
        "stddev_ms": 3.9447236000089965,
        "samples_ms": [
          188.03620877999998,
          198.33775978,
          193.67245478,
          191.19131078,
          188.92111678,
          201.20355478000002,
          191.74363278,
          194.17185078000003,
          192.89596978,
          197.14959978000002
        ]
      },
      "pycomparse": {
        "min_ms": 29.33163078,
        "median_ms": 34.25491078,
        "mean_ms": 34.76963678,
        "max_ms": 41.22081878,
        "stddev_ms": 3.7850740336541375,
        "samples_ms": [
          36.57135978,
          29.33163078,
          31.37268678,
          41.22081878,
          34.193355780000005,
          33.62780078,
          34.31646578,
          38.49543278,
          38.81645778,
          29.75035878
        ]
      },
      "status": "ok",
      "ratio_cpython_over_pycomparse": 5.642525637312432
    },
    {
      "file": "/tmp/perf-KVT6kuHA2/synthetic_large/huge_many_functions_5mb.py",
      "size_bytes": 5242968,
      "cpython": {
        "min_ms": 881.03986848,
        "median_ms": 891.20591748,
        "mean_ms": 893.6931121800001,
        "max_ms": 909.23102948,
        "stddev_ms": 9.357606110338248,
        "samples_ms": [
          888.7748474800001,
          883.27427148,
          891.58557648,
          903.29985248,
          909.23102948,
          887.8711994800001,
          907.91269748,
          893.1155204800001,
          881.03986848,
          890.8262584800001
        ]
      },
      "pycomparse": {
        "min_ms": 134.8699186,
        "median_ms": 140.01354609999999,
        "mean_ms": 141.3206019,
        "max_ms": 150.8947046,
        "stddev_ms": 5.556544800946967,
        "samples_ms": [
          134.8699186,
          139.09907760000002,
          144.68865359999998,
          142.04112060000003,
          150.8878276,
          136.35428560000003,
          136.62126460000002,
          150.8947046,
          136.8211516,
          140.9280146
        ]
      },
      "status": "ok",
      "ratio_cpython_over_pycomparse": 6.3651406760563445
    },
    {
      "file": "/tmp/perf-KVT6kuHA2/synthetic_large/huge_statements_10mb.py",
      "size_bytes": 10485781,
      "cpython": {
        "min_ms": 2499.92401436,
        "median_ms": 2561.6797303599997,
        "mean_ms": 2565.71217026,
        "max_ms": 2781.61378936,
        "stddev_ms": 77.03641698705457,
        "samples_ms": [
          2512.01805436,
          2499.92401436,
          2510.40978736,
          2518.0716423599997,
          2565.75433136,
          2567.06828636,
          2576.70789536,
          2567.94877236,
          2557.60512936,
          2781.61378936
        ]
      },
      "pycomparse": {
        "min_ms": 212.71598826,
        "median_ms": 219.53891875999997,
        "mean_ms": 219.93256006000001,
        "max_ms": 227.16671326000002,
        "stddev_ms": 5.406963203909735,
        "samples_ms": [
          213.43513026,
          212.71598826,
          226.01328626,
          215.42352426,
          214.71937826,
          219.90893726,
          219.16890026,
          224.62615426000002,
          227.16671326000002,
          226.14758826
        ]
      },
      "status": "ok",
      "ratio_cpython_over_pycomparse": 11.668453797754324
    },
    {
      "file": "/tmp/perf-KVT6kuHA2/synthetic_large/huge_statements_1mb.py",
      "size_bytes": 1048583,
      "cpython": {
        "min_ms": 268.42387162000006,
        "median_ms": 277.58756612,
        "mean_ms": 276.78843762,
        "max_ms": 287.69878262000003,
        "stddev_ms": 5.738670466578991,
        "samples_ms": [
          268.86476962000006,
          278.10737062000004,
          271.57705762,
          279.50269362,
          274.86606062000004,
          279.49416362,
          287.69878262000003,
          282.2818446200001,
          277.06776162,
          268.42387162000006
        ]
      },
      "pycomparse": {
        "min_ms": 25.86356542,
        "median_ms": 31.46593392,
        "mean_ms": 31.620333120000005,
        "max_ms": 36.02200942000001,
        "stddev_ms": 2.996984484990142,
        "samples_ms": [
          31.14945742,
          29.979600419999997,
          33.51598442,
          34.751444420000006,
          29.523715420000002,
          28.935224419999997,
          34.679919420000004,
          31.782410420000005,
          25.86356542,
          36.02200942000001
        ]
      },
      "status": "ok",
      "ratio_cpython_over_pycomparse": 8.821844183164801
    },
    {
      "file": "/tmp/perf-KVT6kuHA2/synthetic_large/huge_statements_5mb.py",
      "size_bytes": 5242927,
      "cpython": {
        "min_ms": 1294.9498941,
        "median_ms": 1306.9969775999998,
        "mean_ms": 1315.9090297999999,
        "max_ms": 1354.1494920999999,
        "stddev_ms": 19.85860859339676,
        "samples_ms": [
          1303.3228351,
          1335.5287110999998,
          1340.7960151,
          1307.2358221,
          1296.1912011,
          1321.5592181,
          1298.5989760999998,
          1294.9498941,
          1354.1494920999999,
          1306.7581331
        ]
      },
      "pycomparse": {
        "min_ms": 108.61546170000001,
        "median_ms": 113.47189270000001,
        "mean_ms": 113.10694740000001,
        "max_ms": 117.3499977,
        "stddev_ms": 3.0021993286897874,
        "samples_ms": [
          108.61546170000001,
          115.78949070000002,
          117.3499977,
          111.93494570000001,
          108.7165307,
          112.76459570000002,
          114.17918970000001,
          114.4806697,
          116.81544070000001,
          110.4231517
        ]
      },
      "status": "ok",
      "ratio_cpython_over_pycomparse": 11.518244267375296
    }
  ]
}
